<?xml version="1.0" encoding="UTF-8"?>
<!--
  ~ Copyright 2000-2021 JetBrains s.r.o.
  ~
  ~ Licensed under the Apache License, Version 2.0 (the "License");
  ~ you may not use this file except in compliance with the License.
  ~ You may obtain a copy of the License at
  ~
  ~ http://www.apache.org/licenses/LICENSE-2.0
  ~
  ~ Unless required by applicable law or agreed to in writing, software
  ~ distributed under the License is distributed on an "AS IS" BASIS,
  ~ WITHOUT WARRANTIES OR CONDITIONS OF ANY KIND, either express or implied.
  ~ See the License for the specific language governing permissions and
  ~ limitations under the License.
  -->

<teamcity-plugin xmlns:xsi="https://www.w3.org/2001/XMLSchema-instance" xsi:noNamespaceSchemaLocation="urn:shemas-jetbrains-com:teamcity-plugin-v1-xml">
  <info>
    <name>sonar-plugin</name>
    <display-name>Sonar runner</display-name>
    <version>2020.1-12</version>
    <description>Allows configuring and running SonarQube analysis on the TeamCity server</description>
    <vendor>
      <name>JetBrains</name>
      <url>https://www.jetbrains.com</url>
    </vendor>
  </info>
  <requirements min-build="78475" />
  <deployment use-separate-classloader="true" />
</teamcity-plugin>
